-- phpMyAdmin SQL Dump
-- version 5.2.1
-- https://www.phpmyadmin.net/
--
-- Host: localhost:3306
-- Generation Time: Aug 12, 2023 at 11:06 AM
-- Server version: 8.0.30
-- PHP Version: 8.1.10

SET SQL_MODE = "NO_AUTO_VALUE_ON_ZERO";
START TRANSACTION;
SET time_zone = "+00:00";


/*!40101 SET @OLD_CHARACTER_SET_CLIENT=@@CHARACTER_SET_CLIENT */;
/*!40101 SET @OLD_CHARACTER_SET_RESULTS=@@CHARACTER_SET_RESULTS */;
/*!40101 SET @OLD_COLLATION_CONNECTION=@@COLLATION_CONNECTION */;
/*!40101 SET NAMES utf8mb4 */;

--
-- Database: `omr`
--

-- --------------------------------------------------------

--
-- Table structure for table `admins`
--

CREATE TABLE `admins` (
  `id` bigint UNSIGNED NOT NULL,
  `name` varchar(255) CHARACTER SET utf8mb4 COLLATE utf8mb4_unicode_ci NOT NULL,
  `phone` varchar(255) CHARACTER SET utf8mb4 COLLATE utf8mb4_unicode_ci DEFAULT NULL,
  `email` varchar(255) CHARACTER SET utf8mb4 COLLATE utf8mb4_unicode_ci NOT NULL,
  `password` varchar(255) CHARACTER SET utf8mb4 COLLATE utf8mb4_unicode_ci NOT NULL,
  `image` varchar(255) CHARACTER SET utf8mb4 COLLATE utf8mb4_unicode_ci DEFAULT NULL,
  `address` varchar(255) CHARACTER SET utf8mb4 COLLATE utf8mb4_unicode_ci DEFAULT NULL,
  `status` tinyint NOT NULL DEFAULT '1',
  `created_at` timestamp NULL DEFAULT NULL,
  `updated_at` timestamp NULL DEFAULT NULL
) ENGINE=InnoDB DEFAULT CHARSET=utf8mb4 COLLATE=utf8mb4_unicode_ci;

--
-- Dumping data for table `admins`
--

INSERT INTO `admins` (`id`, `name`, `phone`, `email`, `password`, `image`, `address`, `status`, `created_at`, `updated_at`) VALUES
(1, 'Md Hafiz Al Foisal', '01478963256', 'wiztec.foisal@gmail.com', '$2y$10$XgQHo0px6hs.PGtI81lem.b8moDHlWmU1t3E2Hyo2A4I08wOZSHTS', 'images/admin/1769028818157636.jpg', 'My address', 1, NULL, '2023-06-26 01:00:33'),
(2, 'Mr. Admin', '01478963256', 'admin@gmail.com', '$2y$10$Hut3EYq8.H7shroSu7c.fuY6qb4YMaQkUQ9bq5UCn1NwLbWHkHJ9i', 'images/admin/1769029056184282.png', 'no address', 1, '2023-06-18 02:39:08', '2023-06-18 02:39:35');

-- --------------------------------------------------------

--
-- Table structure for table `company_infos`
--

CREATE TABLE `company_infos` (
  `id` bigint UNSIGNED NOT NULL,
  `name` varchar(255) CHARACTER SET utf8mb4 COLLATE utf8mb4_unicode_ci NOT NULL,
  `about` varchar(255) CHARACTER SET utf8mb4 COLLATE utf8mb4_unicode_ci NOT NULL,
  `address` varchar(255) CHARACTER SET utf8mb4 COLLATE utf8mb4_unicode_ci DEFAULT NULL,
  `phone_one` varchar(255) CHARACTER SET utf8mb4 COLLATE utf8mb4_unicode_ci NOT NULL,
  `phone_two` varchar(255) CHARACTER SET utf8mb4 COLLATE utf8mb4_unicode_ci DEFAULT NULL,
  `phone_three` varchar(255) CHARACTER SET utf8mb4 COLLATE utf8mb4_unicode_ci DEFAULT NULL,
  `app_link` varchar(255) CHARACTER SET utf8mb4 COLLATE utf8mb4_unicode_ci DEFAULT NULL,
  `email` varchar(255) CHARACTER SET utf8mb4 COLLATE utf8mb4_unicode_ci NOT NULL,
  `facebook` varchar(255) CHARACTER SET utf8mb4 COLLATE utf8mb4_unicode_ci DEFAULT NULL,
  `twitter` varchar(255) CHARACTER SET utf8mb4 COLLATE utf8mb4_unicode_ci DEFAULT NULL,
  `instagram` varchar(255) CHARACTER SET utf8mb4 COLLATE utf8mb4_unicode_ci DEFAULT NULL,
  `youtube` varchar(255) CHARACTER SET utf8mb4 COLLATE utf8mb4_unicode_ci DEFAULT NULL,
  `linkedin` varchar(255) CHARACTER SET utf8mb4 COLLATE utf8mb4_unicode_ci DEFAULT NULL,
  `pinterest` varchar(255) CHARACTER SET utf8mb4 COLLATE utf8mb4_unicode_ci DEFAULT NULL,
  `logo` varchar(255) CHARACTER SET utf8mb4 COLLATE utf8mb4_unicode_ci DEFAULT NULL,
  `favicon` varchar(255) CHARACTER SET utf8mb4 COLLATE utf8mb4_unicode_ci DEFAULT NULL,
  `app_logo` varchar(255) CHARACTER SET utf8mb4 COLLATE utf8mb4_unicode_ci DEFAULT NULL,
  `created_at` timestamp NULL DEFAULT NULL,
  `updated_at` timestamp NULL DEFAULT NULL
) ENGINE=InnoDB DEFAULT CHARSET=utf8mb4 COLLATE=utf8mb4_unicode_ci;

--
-- Dumping data for table `company_infos`
--

INSERT INTO `company_infos` (`id`, `name`, `about`, `address`, `phone_one`, `phone_two`, `phone_three`, `app_link`, `email`, `facebook`, `twitter`, `instagram`, `youtube`, `linkedin`, `pinterest`, `logo`, `favicon`, `app_logo`, `created_at`, `updated_at`) VALUES
(1, 'Optical mark recognition System', 'OMR', 'address', '12', NULL, NULL, NULL, 'omr@omr.com', NULL, NULL, NULL, NULL, NULL, NULL, 'images/logo/1769747637665721.png', 'OMR', 'OMR', NULL, '2023-06-26 01:01:08');

-- --------------------------------------------------------

--
-- Table structure for table `courses`
--

CREATE TABLE `courses` (
  `id` bigint UNSIGNED NOT NULL,
  `name` varchar(255) CHARACTER SET utf8mb4 COLLATE utf8mb4_unicode_ci NOT NULL,
  `details` longtext CHARACTER SET utf8mb4 COLLATE utf8mb4_unicode_ci,
  `purchase_link` text CHARACTER SET utf8mb4 COLLATE utf8mb4_unicode_ci,
  `status` tinyint NOT NULL DEFAULT '0',
  `created_at` timestamp NULL DEFAULT NULL,
  `updated_at` timestamp NULL DEFAULT NULL
) ENGINE=InnoDB DEFAULT CHARSET=utf8mb4 COLLATE=utf8mb4_unicode_ci;

--
-- Dumping data for table `courses`
--

INSERT INTO `courses` (`id`, `name`, `details`, `purchase_link`, `status`, `created_at`, `updated_at`) VALUES
(1, 'Unit test', 'Details', 'https://google.com', 0, '2023-07-01 23:20:32', '2023-07-03 06:47:32'),
(2, 'Test 2', NULL, NULL, 1, '2023-07-02 03:33:48', '2023-07-02 03:33:48'),
(3, 'University A Exam Batch', NULL, NULL, 1, '2023-07-02 04:01:18', '2023-07-02 04:01:18'),
(4, 'Web Development', '<strong style=\"margin: 0px; padding: 0px; color: rgb(0, 0, 0); font-family: \"Open Sans\", Arial, sans-serif; font-size: 14px; text-align: justify;\">Lorem Ipsum</strong><span style=\"color: rgb(0, 0, 0); font-family: \"Open Sans\", Arial, sans-serif; font-size: 14px; text-align: justify;\"> is simply dummy text of the printing and typesetting industry. Lorem Ipsum has been the industry\'s standard dummy text ever since the 1500s, when an unknown printer took a galley of type and scrambled it to make a type specimen book. It has survived not only five centuries, but also the leap into electronic typesetting, remaining essentially unchanged. It was popularised in the 1960s with the release of Letraset sheets containing Lorem Ipsum passages, and more recently with desktop publishing software like Aldus PageMaker including versions of Lorem Ipsum.</span>', 'https://wiztecbd.com/', 1, '2023-07-02 05:03:36', '2023-07-02 05:41:39');

-- --------------------------------------------------------

--
-- Table structure for table `course_registrations`
--

CREATE TABLE `course_registrations` (
  `id` bigint UNSIGNED NOT NULL,
  `user_id` bigint UNSIGNED NOT NULL,
  `course_id` bigint UNSIGNED NOT NULL,
  `order_id` varchar(255) CHARACTER SET utf8mb4 COLLATE utf8mb4_unicode_ci NOT NULL,
  `user_course_id` int NOT NULL,
  `status` tinyint NOT NULL DEFAULT '0',
  `created_at` timestamp NULL DEFAULT NULL,
  `updated_at` timestamp NULL DEFAULT NULL
) ENGINE=InnoDB DEFAULT CHARSET=utf8mb4 COLLATE=utf8mb4_unicode_ci;

--
-- Dumping data for table `course_registrations`
--

INSERT INTO `course_registrations` (`id`, `user_id`, `course_id`, `order_id`, `user_course_id`, `status`, `created_at`, `updated_at`) VALUES
(1, 1, 2, '4500gh69', 0, 1, '2023-06-25 01:23:17', '2023-07-02 23:09:15'),
(2, 1, 4, '4500gh00', 0, 0, '2023-06-25 01:23:52', '2023-07-03 05:59:17');

-- --------------------------------------------------------

--
-- Table structure for table `exams`
--

CREATE TABLE `exams` (
  `id` bigint UNSIGNED NOT NULL,
  `course_id` bigint UNSIGNED NOT NULL,
  `subject_id` bigint DEFAULT NULL,
  `name` varchar(255) CHARACTER SET utf8mb4 COLLATE utf8mb4_unicode_ci NOT NULL,
  `per_question_positive_mark` decimal(8,2) NOT NULL,
  `per_question_negative_mark` decimal(8,2) NOT NULL,
  `total_question` int UNSIGNED NOT NULL,
  `status` tinyint NOT NULL DEFAULT '0',
  `created_at` timestamp NULL DEFAULT NULL,
  `updated_at` timestamp NULL DEFAULT NULL
) ENGINE=InnoDB DEFAULT CHARSET=utf8mb4 COLLATE=utf8mb4_unicode_ci;

--
-- Dumping data for table `exams`
--

INSERT INTO `exams` (`id`, `course_id`, `subject_id`, `name`, `per_question_positive_mark`, `per_question_negative_mark`, `total_question`, `status`, `created_at`, `updated_at`) VALUES
(1, 1, 1, 'Unit test exam', 1.00, 0.25, 100, 0, '2023-07-02 01:03:59', '2023-07-02 01:03:59'),
(2, 1, 1, 'Unit test', 1.00, 0.25, 1, 0, '2023-07-02 01:55:04', '2023-07-02 01:58:23'),
(3, 2, 4, 'Math part 1', 1.00, 0.25, 100, 1, '2023-07-02 03:35:44', '2023-07-02 03:35:44'),
(4, 3, 7, 'Exam 1', 1.00, 0.50, 50, 0, '2023-07-02 04:07:20', '2023-07-02 04:07:20'),
(5, 3, 7, 'A!!', 1.00, 0.25, 5, 0, '2023-07-02 04:30:10', '2023-07-02 04:30:10'),
(6, 3, 7, 'aa', 1.00, 0.50, 5, 0, '2023-07-02 04:31:04', '2023-07-02 04:31:04'),
(7, 4, 8, 'HTML Basic', 1.00, 0.50, 100, 0, '2023-07-02 05:04:28', '2023-07-02 05:04:28'),
(8, 2, 6, 'School', 1.00, 0.50, 12, 1, '2023-07-12 22:45:25', '2023-07-12 22:45:25');

-- --------------------------------------------------------

--
-- Table structure for table `exam_questions`
--

CREATE TABLE `exam_questions` (
  `id` bigint UNSIGNED NOT NULL,
  `exam_id` bigint UNSIGNED NOT NULL,
  `subject_id` bigint UNSIGNED NOT NULL,
  `subject_topic_id` bigint UNSIGNED DEFAULT NULL,
  `question_name` longtext CHARACTER SET utf8mb4 COLLATE utf8mb4_unicode_ci,
  `question_explanation` longtext CHARACTER SET utf8mb4 COLLATE utf8mb4_unicode_ci,
  `status` tinyint NOT NULL DEFAULT '1',
  `created_at` timestamp NULL DEFAULT NULL,
  `updated_at` timestamp NULL DEFAULT NULL
) ENGINE=InnoDB DEFAULT CHARSET=utf8mb4 COLLATE=utf8mb4_unicode_ci;

--
-- Dumping data for table `exam_questions`
--

INSERT INTO `exam_questions` (`id`, `exam_id`, `subject_id`, `subject_topic_id`, `question_name`, `question_explanation`, `status`, `created_at`, `updated_at`) VALUES
(1, 1, 1, NULL, NULL, NULL, 1, '2023-07-02 01:03:59', '2023-07-02 01:03:59'),
(2, 1, 1, NULL, NULL, NULL, 1, '2023-07-02 01:03:59', '2023-07-02 01:03:59'),
(3, 1, 1, NULL, NULL, NULL, 1, '2023-07-02 01:03:59', '2023-07-02 01:03:59'),
(4, 1, 1, NULL, NULL, NULL, 1, '2023-07-02 01:03:59', '2023-07-02 01:03:59'),
(5, 1, 1, NULL, NULL, NULL, 1, '2023-07-02 01:03:59', '2023-07-02 01:03:59'),
(6, 1, 1, NULL, NULL, NULL, 1, '2023-07-02 01:03:59', '2023-07-02 01:03:59'),
(7, 1, 1, NULL, NULL, NULL, 1, '2023-07-02 01:03:59', '2023-07-02 01:03:59'),
(8, 1, 1, NULL, NULL, NULL, 1, '2023-07-02 01:03:59', '2023-07-02 01:03:59'),
(9, 1, 1, NULL, NULL, NULL, 1, '2023-07-02 01:03:59', '2023-07-02 01:03:59'),
(10, 1, 1, NULL, NULL, NULL, 1, '2023-07-02 01:03:59', '2023-07-02 01:03:59'),
(11, 1, 1, NULL, NULL, NULL, 1, '2023-07-02 01:03:59', '2023-07-02 01:03:59'),
(12, 1, 1, NULL, NULL, NULL, 1, '2023-07-02 01:03:59', '2023-07-02 01:03:59'),
(13, 1, 1, NULL, NULL, NULL, 1, '2023-07-02 01:03:59', '2023-07-02 01:03:59'),
(14, 1, 1, NULL, NULL, NULL, 1, '2023-07-02 01:03:59', '2023-07-02 01:03:59'),
(15, 1, 1, NULL, NULL, NULL, 1, '2023-07-02 01:03:59', '2023-07-02 01:03:59'),
(16, 1, 1, NULL, NULL, NULL, 1, '2023-07-02 01:03:59', '2023-07-02 01:03:59'),
(17, 1, 1, NULL, NULL, NULL, 1, '2023-07-02 01:03:59', '2023-07-02 01:03:59'),
(18, 1, 1, NULL, NULL, NULL, 1, '2023-07-02 01:03:59', '2023-07-02 01:03:59'),
(19, 1, 1, NULL, NULL, NULL, 1, '2023-07-02 01:03:59', '2023-07-02 01:03:59'),
(20, 1, 1, NULL, NULL, NULL, 1, '2023-07-02 01:03:59', '2023-07-02 01:03:59'),
(21, 1, 1, NULL, NULL, NULL, 1, '2023-07-02 01:03:59', '2023-07-02 01:03:59'),
(22, 1, 1, NULL, NULL, NULL, 1, '2023-07-02 01:03:59', '2023-07-02 01:03:59'),
(23, 1, 1, NULL, NULL, NULL, 1, '2023-07-02 01:03:59', '2023-07-02 01:03:59'),
(24, 1, 1, NULL, NULL, NULL, 1, '2023-07-02 01:03:59', '2023-07-02 01:03:59'),
(25, 1, 1, NULL, NULL, NULL, 1, '2023-07-02 01:03:59', '2023-07-02 01:03:59'),
(26, 1, 1, NULL, NULL, NULL, 1, '2023-07-02 01:03:59', '2023-07-02 01:03:59'),
(27, 1, 1, NULL, NULL, NULL, 1, '2023-07-02 01:03:59', '2023-07-02 01:03:59'),
(28, 1, 1, NULL, NULL, NULL, 1, '2023-07-02 01:03:59', '2023-07-02 01:03:59'),
(29, 1, 1, NULL, NULL, NULL, 1, '2023-07-02 01:03:59', '2023-07-02 01:03:59'),
(30, 1, 1, NULL, NULL, NULL, 1, '2023-07-02 01:03:59', '2023-07-02 01:03:59'),
(31, 1, 1, NULL, NULL, NULL, 1, '2023-07-02 01:03:59', '2023-07-02 01:03:59'),
(32, 1, 1, NULL, NULL, NULL, 1, '2023-07-02 01:03:59', '2023-07-02 01:03:59'),
(33, 1, 1, NULL, NULL, NULL, 1, '2023-07-02 01:03:59', '2023-07-02 01:03:59'),
(34, 1, 1, NULL, NULL, NULL, 1, '2023-07-02 01:03:59', '2023-07-02 01:03:59'),
(35, 1, 1, NULL, NULL, NULL, 1, '2023-07-02 01:03:59', '2023-07-02 01:03:59'),
(36, 1, 1, NULL, NULL, NULL, 1, '2023-07-02 01:03:59', '2023-07-02 01:03:59'),
(37, 1, 1, NULL, NULL, NULL, 1, '2023-07-02 01:03:59', '2023-07-02 01:03:59'),
(38, 1, 1, NULL, NULL, NULL, 1, '2023-07-02 01:03:59', '2023-07-02 01:03:59'),
(39, 1, 1, NULL, NULL, NULL, 1, '2023-07-02 01:03:59', '2023-07-02 01:03:59'),
(40, 1, 1, NULL, NULL, NULL, 1, '2023-07-02 01:03:59', '2023-07-02 01:03:59'),
(41, 1, 1, NULL, NULL, NULL, 1, '2023-07-02 01:03:59', '2023-07-02 01:03:59'),
(42, 1, 1, NULL, NULL, NULL, 1, '2023-07-02 01:03:59', '2023-07-02 01:03:59'),
(43, 1, 1, NULL, NULL, NULL, 1, '2023-07-02 01:03:59', '2023-07-02 01:03:59'),
(44, 1, 1, NULL, NULL, NULL, 1, '2023-07-02 01:03:59', '2023-07-02 01:03:59'),
(45, 1, 1, NULL, NULL, NULL, 1, '2023-07-02 01:03:59', '2023-07-02 01:03:59'),
(46, 1, 1, NULL, NULL, NULL, 1, '2023-07-02 01:03:59', '2023-07-02 01:03:59'),
(47, 1, 1, NULL, NULL, NULL, 1, '2023-07-02 01:03:59', '2023-07-02 01:03:59'),
(48, 1, 1, NULL, NULL, NULL, 1, '2023-07-02 01:03:59', '2023-07-02 01:03:59'),
(49, 1, 1, NULL, NULL, NULL, 1, '2023-07-02 01:03:59', '2023-07-02 01:03:59'),
(50, 1, 1, NULL, NULL, NULL, 1, '2023-07-02 01:03:59', '2023-07-02 01:03:59'),
(51, 1, 1, NULL, NULL, NULL, 1, '2023-07-02 01:03:59', '2023-07-02 01:03:59'),
(52, 1, 1, NULL, NULL, NULL, 1, '2023-07-02 01:03:59', '2023-07-02 01:03:59'),
(53, 1, 1, NULL, NULL, NULL, 1, '2023-07-02 01:03:59', '2023-07-02 01:03:59'),
(54, 1, 1, NULL, NULL, NULL, 1, '2023-07-02 01:03:59', '2023-07-02 01:03:59'),
(55, 1, 1, NULL, NULL, NULL, 1, '2023-07-02 01:03:59', '2023-07-02 01:03:59'),
(56, 1, 1, NULL, NULL, NULL, 1, '2023-07-02 01:03:59', '2023-07-02 01:03:59'),
(57, 1, 1, NULL, NULL, NULL, 1, '2023-07-02 01:03:59', '2023-07-02 01:03:59'),
(58, 1, 1, NULL, NULL, NULL, 1, '2023-07-02 01:03:59', '2023-07-02 01:03:59'),
(59, 1, 1, NULL, NULL, NULL, 1, '2023-07-02 01:03:59', '2023-07-02 01:03:59'),
(60, 1, 1, NULL, NULL, NULL, 1, '2023-07-02 01:03:59', '2023-07-02 01:03:59'),
(61, 1, 1, NULL, NULL, NULL, 1, '2023-07-02 01:03:59', '2023-07-02 01:03:59'),
(62, 1, 1, NULL, NULL, NULL, 1, '2023-07-02 01:03:59', '2023-07-02 01:03:59'),
(63, 1, 1, NULL, NULL, NULL, 1, '2023-07-02 01:03:59', '2023-07-02 01:03:59'),
(64, 1, 1, NULL, NULL, NULL, 1, '2023-07-02 01:03:59', '2023-07-02 01:03:59'),
(65, 1, 1, NULL, NULL, NULL, 1, '2023-07-02 01:03:59', '2023-07-02 01:03:59'),
(66, 1, 1, NULL, NULL, NULL, 1, '2023-07-02 01:03:59', '2023-07-02 01:03:59'),
(67, 1, 1, NULL, NULL, NULL, 1, '2023-07-02 01:03:59', '2023-07-02 01:03:59'),
(68, 1, 1, NULL, NULL, NULL, 1, '2023-07-02 01:03:59', '2023-07-02 01:03:59'),
(69, 1, 1, NULL, NULL, NULL, 1, '2023-07-02 01:03:59', '2023-07-02 01:03:59'),
(70, 1, 1, NULL, NULL, NULL, 1, '2023-07-02 01:03:59', '2023-07-02 01:03:59'),
(71, 1, 1, NULL, NULL, NULL, 1, '2023-07-02 01:03:59', '2023-07-02 01:03:59'),
(72, 1, 1, NULL, NULL, NULL, 1, '2023-07-02 01:03:59', '2023-07-02 01:03:59'),
(73, 1, 1, NULL, NULL, NULL, 1, '2023-07-02 01:03:59', '2023-07-02 01:03:59'),
(74, 1, 1, NULL, NULL, NULL, 1, '2023-07-02 01:03:59', '2023-07-02 01:03:59'),
(75, 1, 1, NULL, NULL, NULL, 1, '2023-07-02 01:03:59', '2023-07-02 01:03:59'),
(76, 1, 1, NULL, NULL, NULL, 1, '2023-07-02 01:03:59', '2023-07-02 01:03:59'),
(77, 1, 1, NULL, NULL, NULL, 1, '2023-07-02 01:03:59', '2023-07-02 01:03:59'),
(78, 1, 1, NULL, NULL, NULL, 1, '2023-07-02 01:03:59', '2023-07-02 01:03:59'),
(79, 1, 1, NULL, NULL, NULL, 1, '2023-07-02 01:03:59', '2023-07-02 01:03:59'),
(80, 1, 1, NULL, NULL, NULL, 1, '2023-07-02 01:03:59', '2023-07-02 01:03:59'),
(81, 1, 1, NULL, NULL, NULL, 1, '2023-07-02 01:03:59', '2023-07-02 01:03:59'),
(82, 1, 1, NULL, NULL, NULL, 1, '2023-07-02 01:03:59', '2023-07-02 01:03:59'),
(83, 1, 1, NULL, NULL, NULL, 1, '2023-07-02 01:03:59', '2023-07-02 01:03:59'),
(84, 1, 1, NULL, NULL, NULL, 1, '2023-07-02 01:03:59', '2023-07-02 01:03:59'),
(85, 1, 1, NULL, NULL, NULL, 1, '2023-07-02 01:03:59', '2023-07-02 01:03:59'),
(86, 1, 1, NULL, NULL, NULL, 1, '2023-07-02 01:03:59', '2023-07-02 01:03:59'),
(87, 1, 1, NULL, NULL, NULL, 1, '2023-07-02 01:03:59', '2023-07-02 01:03:59'),
(88, 1, 1, NULL, NULL, NULL, 1, '2023-07-02 01:03:59', '2023-07-02 01:03:59'),
(89, 1, 1, NULL, NULL, NULL, 1, '2023-07-02 01:03:59', '2023-07-02 01:03:59'),
(90, 1, 1, NULL, NULL, NULL, 1, '2023-07-02 01:03:59', '2023-07-02 01:03:59'),
(91, 1, 1, NULL, NULL, NULL, 1, '2023-07-02 01:03:59', '2023-07-02 01:03:59'),
(92, 1, 1, NULL, NULL, NULL, 1, '2023-07-02 01:03:59', '2023-07-02 01:03:59'),
(93, 1, 1, NULL, NULL, NULL, 1, '2023-07-02 01:03:59', '2023-07-02 01:03:59'),
(94, 1, 1, NULL, NULL, NULL, 1, '2023-07-02 01:03:59', '2023-07-02 01:03:59'),
(95, 1, 1, NULL, NULL, NULL, 1, '2023-07-02 01:03:59', '2023-07-02 01:03:59'),
(96, 1, 1, NULL, NULL, NULL, 1, '2023-07-02 01:03:59', '2023-07-02 01:03:59'),
(97, 1, 1, NULL, NULL, NULL, 1, '2023-07-02 01:03:59', '2023-07-02 01:03:59'),
(98, 1, 1, NULL, NULL, NULL, 1, '2023-07-02 01:03:59', '2023-07-02 01:03:59'),
(99, 1, 1, NULL, NULL, NULL, 1, '2023-07-02 01:03:59', '2023-07-02 01:03:59'),
(100, 1, 1, NULL, NULL, NULL, 1, '2023-07-02 01:03:59', '2023-07-02 01:03:59'),
(101, 2, 1, 3, '<p>My test ?</p>', '<p>ok</p>', 1, '2023-07-02 01:55:04', '2023-07-02 02:45:34'),
(102, 3, 4, NULL, NULL, NULL, 1, '2023-07-02 03:35:44', '2023-07-02 03:35:44'),
(103, 3, 4, NULL, NULL, NULL, 1, '2023-07-02 03:35:44', '2023-07-02 03:35:44'),
(104, 3, 4, NULL, NULL, NULL, 1, '2023-07-02 03:35:44', '2023-07-02 03:35:44'),
(105, 3, 4, NULL, NULL, NULL, 1, '2023-07-02 03:35:44', '2023-07-02 03:35:44'),
(106, 3, 4, NULL, NULL, NULL, 1, '2023-07-02 03:35:44', '2023-07-02 03:35:44'),
(107, 3, 4, NULL, NULL, NULL, 1, '2023-07-02 03:35:44', '2023-07-02 03:35:44'),
(108, 3, 4, NULL, NULL, NULL, 1, '2023-07-02 03:35:44', '2023-07-02 03:35:44'),
(109, 3, 4, NULL, NULL, NULL, 1, '2023-07-02 03:35:44', '2023-07-02 03:35:44'),
(110, 3, 4, NULL, NULL, NULL, 1, '2023-07-02 03:35:44', '2023-07-02 03:35:44'),
(111, 3, 4, NULL, NULL, NULL, 1, '2023-07-02 03:35:44', '2023-07-02 03:35:44'),
(112, 3, 4, NULL, NULL, NULL, 1, '2023-07-02 03:35:44', '2023-07-02 03:35:44'),
(113, 3, 4, NULL, NULL, NULL, 1, '2023-07-02 03:35:44', '2023-07-02 03:35:44'),
(114, 3, 4, NULL, NULL, NULL, 1, '2023-07-02 03:35:44', '2023-07-02 03:35:44'),
(115, 3, 4, NULL, NULL, NULL, 1, '2023-07-02 03:35:44', '2023-07-02 03:35:44'),
(116, 3, 4, NULL, NULL, NULL, 1, '2023-07-02 03:35:44', '2023-07-02 03:35:44'),
(117, 3, 4, NULL, NULL, NULL, 1, '2023-07-02 03:35:44', '2023-07-02 03:35:44'),
(118, 3, 4, NULL, NULL, NULL, 1, '2023-07-02 03:35:44', '2023-07-02 03:35:44'),
(119, 3, 4, NULL, NULL, NULL, 1, '2023-07-02 03:35:44', '2023-07-02 03:35:44'),
(120, 3, 4, NULL, NULL, NULL, 1, '2023-07-02 03:35:44', '2023-07-02 03:35:44'),
(121, 3, 4, NULL, NULL, NULL, 1, '2023-07-02 03:35:44', '2023-07-02 03:35:44'),
(122, 3, 4, NULL, NULL, NULL, 1, '2023-07-02 03:35:44', '2023-07-02 03:35:44'),
(123, 3, 4, NULL, NULL, NULL, 1, '2023-07-02 03:35:44', '2023-07-02 03:35:44'),
(124, 3, 4, NULL, NULL, NULL, 1, '2023-07-02 03:35:44', '2023-07-02 03:35:44'),
(125, 3, 4, NULL, NULL, NULL, 1, '2023-07-02 03:35:44', '2023-07-02 03:35:44'),
(126, 3, 4, NULL, NULL, NULL, 1, '2023-07-02 03:35:44', '2023-07-02 03:35:44'),
(127, 3, 4, NULL, NULL, NULL, 1, '2023-07-02 03:35:44', '2023-07-02 03:35:44'),
(128, 3, 4, NULL, NULL, NULL, 1, '2023-07-02 03:35:44', '2023-07-02 03:35:44'),
(129, 3, 4, NULL, NULL, NULL, 1, '2023-07-02 03:35:44', '2023-07-02 03:35:44'),
(130, 3, 4, NULL, NULL, NULL, 1, '2023-07-02 03:35:44', '2023-07-02 03:35:44'),
(131, 3, 4, NULL, NULL, NULL, 1, '2023-07-02 03:35:44', '2023-07-02 03:35:44'),
(132, 3, 4, NULL, NULL, NULL, 1, '2023-07-02 03:35:44', '2023-07-02 03:35:44'),
(133, 3, 4, NULL, NULL, NULL, 1, '2023-07-02 03:35:44', '2023-07-02 03:35:44'),
(134, 3, 4, NULL, NULL, NULL, 1, '2023-07-02 03:35:44', '2023-07-02 03:35:44'),
(135, 3, 4, NULL, NULL, NULL, 1, '2023-07-02 03:35:44', '2023-07-02 03:35:44'),
(136, 3, 4, NULL, NULL, NULL, 1, '2023-07-02 03:35:44', '2023-07-02 03:35:44'),
(137, 3, 4, NULL, NULL, NULL, 1, '2023-07-02 03:35:44', '2023-07-02 03:35:44'),
(138, 3, 4, NULL, NULL, NULL, 1, '2023-07-02 03:35:44', '2023-07-02 03:35:44'),
(139, 3, 4, NULL, NULL, NULL, 1, '2023-07-02 03:35:44', '2023-07-02 03:35:44'),
(140, 3, 4, NULL, NULL, NULL, 1, '2023-07-02 03:35:44', '2023-07-02 03:35:44'),
(141, 3, 4, NULL, NULL, NULL, 1, '2023-07-02 03:35:44', '2023-07-02 03:35:44'),
(142, 3, 4, NULL, NULL, NULL, 1, '2023-07-02 03:35:44', '2023-07-02 03:35:44'),
(143, 3, 4, NULL, NULL, NULL, 1, '2023-07-02 03:35:44', '2023-07-02 03:35:44'),
(144, 3, 4, NULL, NULL, NULL, 1, '2023-07-02 03:35:44', '2023-07-02 03:35:44'),
(145, 3, 4, NULL, NULL, NULL, 1, '2023-07-02 03:35:44', '2023-07-02 03:35:44'),
(146, 3, 4, NULL, NULL, NULL, 1, '2023-07-02 03:35:44', '2023-07-02 03:35:44'),
(147, 3, 4, NULL, NULL, NULL, 1, '2023-07-02 03:35:44', '2023-07-02 03:35:44'),
(148, 3, 4, NULL, NULL, NULL, 1, '2023-07-02 03:35:44', '2023-07-02 03:35:44'),
(149, 3, 4, NULL, NULL, NULL, 1, '2023-07-02 03:35:44', '2023-07-02 03:35:44'),
(150, 3, 4, NULL, NULL, NULL, 1, '2023-07-02 03:35:44', '2023-07-02 03:35:44'),
(151, 3, 4, NULL, NULL, NULL, 1, '2023-07-02 03:35:44', '2023-07-02 03:35:44'),
(152, 3, 4, NULL, NULL, NULL, 1, '2023-07-02 03:35:44', '2023-07-02 03:35:44'),
(153, 3, 4, NULL, NULL, NULL, 1, '2023-07-02 03:35:44', '2023-07-02 03:35:44'),
(154, 3, 4, NULL, NULL, NULL, 1, '2023-07-02 03:35:44', '2023-07-02 03:35:44'),
(155, 3, 4, NULL, NULL, NULL, 1, '2023-07-02 03:35:44', '2023-07-02 03:35:44'),
(156, 3, 4, NULL, NULL, NULL, 1, '2023-07-02 03:35:44', '2023-07-02 03:35:44'),
(157, 3, 4, NULL, NULL, NULL, 1, '2023-07-02 03:35:44', '2023-07-02 03:35:44'),
(158, 3, 4, NULL, NULL, NULL, 1, '2023-07-02 03:35:44', '2023-07-02 03:35:44'),
(159, 3, 4, NULL, NULL, NULL, 1, '2023-07-02 03:35:44', '2023-07-02 03:35:44'),
(160, 3, 4, NULL, NULL, NULL, 1, '2023-07-02 03:35:44', '2023-07-02 03:35:44'),
(161, 3, 4, NULL, NULL, NULL, 1, '2023-07-02 03:35:44', '2023-07-02 03:35:44'),
(162, 3, 4, NULL, NULL, NULL, 1, '2023-07-02 03:35:44', '2023-07-02 03:35:44'),
(163, 3, 4, NULL, NULL, NULL, 1, '2023-07-02 03:35:44', '2023-07-02 03:35:44'),
(164, 3, 4, NULL, NULL, NULL, 1, '2023-07-02 03:35:44', '2023-07-02 03:35:44'),
(165, 3, 4, NULL, NULL, NULL, 1, '2023-07-02 03:35:44', '2023-07-02 03:35:44'),
(166, 3, 4, NULL, NULL, NULL, 1, '2023-07-02 03:35:44', '2023-07-02 03:35:44'),
(167, 3, 4, NULL, NULL, NULL, 1, '2023-07-02 03:35:44', '2023-07-02 03:35:44'),
(168, 3, 4, NULL, NULL, NULL, 1, '2023-07-02 03:35:44', '2023-07-02 03:35:44'),
(169, 3, 4, NULL, NULL, NULL, 1, '2023-07-02 03:35:44', '2023-07-02 03:35:44'),
(170, 3, 4, NULL, NULL, NULL, 1, '2023-07-02 03:35:44', '2023-07-02 03:35:44'),
(171, 3, 4, NULL, NULL, NULL, 1, '2023-07-02 03:35:44', '2023-07-02 03:35:44'),
(172, 3, 4, NULL, NULL, NULL, 1, '2023-07-02 03:35:44', '2023-07-02 03:35:44'),
(173, 3, 4, NULL, NULL, NULL, 1, '2023-07-02 03:35:44', '2023-07-02 03:35:44'),
(174, 3, 4, NULL, NULL, NULL, 1, '2023-07-02 03:35:44', '2023-07-02 03:35:44'),
(175, 3, 4, NULL, NULL, NULL, 1, '2023-07-02 03:35:44', '2023-07-02 03:35:44'),
(176, 3, 4, NULL, NULL, NULL, 1, '2023-07-02 03:35:44', '2023-07-02 03:35:44'),
(177, 3, 4, NULL, NULL, NULL, 1, '2023-07-02 03:35:44', '2023-07-02 03:35:44'),
(178, 3, 4, NULL, NULL, NULL, 1, '2023-07-02 03:35:44', '2023-07-02 03:35:44'),
(179, 3, 4, NULL, NULL, NULL, 1, '2023-07-02 03:35:44', '2023-07-02 03:35:44'),
(180, 3, 4, NULL, NULL, NULL, 1, '2023-07-02 03:35:44', '2023-07-02 03:35:44'),
(181, 3, 4, NULL, NULL, NULL, 1, '2023-07-02 03:35:44', '2023-07-02 03:35:44'),
(182, 3, 4, NULL, NULL, NULL, 1, '2023-07-02 03:35:44', '2023-07-02 03:35:44'),
(183, 3, 4, NULL, NULL, NULL, 1, '2023-07-02 03:35:44', '2023-07-02 03:35:44'),
(184, 3, 4, NULL, NULL, NULL, 1, '2023-07-02 03:35:44', '2023-07-02 03:35:44'),
(185, 3, 4, NULL, NULL, NULL, 1, '2023-07-02 03:35:44', '2023-07-02 03:35:44'),
(186, 3, 4, NULL, NULL, NULL, 1, '2023-07-02 03:35:44', '2023-07-02 03:35:44'),
(187, 3, 4, NULL, NULL, NULL, 1, '2023-07-02 03:35:44', '2023-07-02 03:35:44'),
(188, 3, 4, NULL, NULL, NULL, 1, '2023-07-02 03:35:44', '2023-07-02 03:35:44'),
(189, 3, 4, NULL, NULL, NULL, 1, '2023-07-02 03:35:44', '2023-07-02 03:35:44'),
(190, 3, 4, NULL, NULL, NULL, 1, '2023-07-02 03:35:44', '2023-07-02 03:35:44'),
(191, 3, 4, NULL, NULL, NULL, 1, '2023-07-02 03:35:44', '2023-07-02 03:35:44'),
(192, 3, 4, NULL, NULL, NULL, 1, '2023-07-02 03:35:44', '2023-07-02 03:35:44'),
(193, 3, 4, NULL, NULL, NULL, 1, '2023-07-02 03:35:44', '2023-07-02 03:35:44'),
(194, 3, 4, NULL, NULL, NULL, 1, '2023-07-02 03:35:44', '2023-07-02 03:35:44'),
(195, 3, 4, NULL, NULL, NULL, 1, '2023-07-02 03:35:44', '2023-07-02 03:35:44'),
(196, 3, 4, NULL, NULL, NULL, 1, '2023-07-02 03:35:44', '2023-07-02 03:35:44'),
(197, 3, 4, NULL, NULL, NULL, 1, '2023-07-02 03:35:44', '2023-07-02 03:35:44'),
(198, 3, 4, NULL, NULL, NULL, 1, '2023-07-02 03:35:44', '2023-07-02 03:35:44'),
(199, 3, 4, NULL, NULL, NULL, 1, '2023-07-02 03:35:44', '2023-07-02 03:35:44'),
(200, 3, 4, NULL, NULL, NULL, 1, '2023-07-02 03:35:44', '2023-07-02 03:35:44'),
(201, 3, 4, NULL, NULL, NULL, 1, '2023-07-02 03:35:44', '2023-07-02 03:35:44'),
(202, 4, 7, NULL, NULL, NULL, 1, '2023-07-02 04:07:20', '2023-07-02 04:07:20'),
(203, 4, 7, NULL, NULL, NULL, 1, '2023-07-02 04:07:20', '2023-07-02 04:07:20'),
(204, 4, 7, NULL, NULL, NULL, 1, '2023-07-02 04:07:20', '2023-07-02 04:07:20'),
(205, 4, 7, NULL, NULL, NULL, 1, '2023-07-02 04:07:20', '2023-07-02 04:07:20'),
(206, 4, 7, NULL, NULL, NULL, 1, '2023-07-02 04:07:20', '2023-07-02 04:07:20'),
(207, 4, 7, NULL, NULL, NULL, 1, '2023-07-02 04:07:20', '2023-07-02 04:07:20'),
(208, 4, 7, NULL, NULL, NULL, 1, '2023-07-02 04:07:20', '2023-07-02 04:07:20'),
(209, 4, 7, NULL, NULL, NULL, 1, '2023-07-02 04:07:20', '2023-07-02 04:07:20'),
(210, 4, 7, NULL, NULL, NULL, 1, '2023-07-02 04:07:20', '2023-07-02 04:07:20'),
(211, 4, 7, NULL, NULL, NULL, 1, '2023-07-02 04:07:20', '2023-07-02 04:07:20'),
(212, 4, 7, NULL, NULL, NULL, 1, '2023-07-02 04:07:20', '2023-07-02 04:07:20'),
(213, 4, 7, NULL, NULL, NULL, 1, '2023-07-02 04:07:20', '2023-07-02 04:07:20'),
(214, 4, 7, NULL, NULL, NULL, 1, '2023-07-02 04:07:20', '2023-07-02 04:07:20'),
(215, 4, 7, NULL, NULL, NULL, 1, '2023-07-02 04:07:20', '2023-07-02 04:07:20'),
(216, 4, 7, NULL, NULL, NULL, 1, '2023-07-02 04:07:20', '2023-07-02 04:07:20'),
(217, 4, 7, NULL, NULL, NULL, 1, '2023-07-02 04:07:21', '2023-07-02 04:07:21'),
(218, 4, 7, NULL, NULL, NULL, 1, '2023-07-02 04:07:21', '2023-07-02 04:07:21'),
(219, 4, 7, NULL, NULL, NULL, 1, '2023-07-02 04:07:21', '2023-07-02 04:07:21'),
(220, 4, 7, NULL, NULL, NULL, 1, '2023-07-02 04:07:21', '2023-07-02 04:07:21'),
(221, 4, 7, NULL, NULL, NULL, 1, '2023-07-02 04:07:21', '2023-07-02 04:07:21'),
(222, 4, 7, NULL, NULL, NULL, 1, '2023-07-02 04:07:21', '2023-07-02 04:07:21'),
(223, 4, 7, NULL, NULL, NULL, 1, '2023-07-02 04:07:21', '2023-07-02 04:07:21'),
(224, 4, 7, NULL, NULL, NULL, 1, '2023-07-02 04:07:21', '2023-07-02 04:07:21'),
(225, 4, 7, NULL, NULL, NULL, 1, '2023-07-02 04:07:21', '2023-07-02 04:07:21'),
(226, 4, 7, NULL, NULL, NULL, 1, '2023-07-02 04:07:21', '2023-07-02 04:07:21'),
(227, 4, 7, NULL, NULL, NULL, 1, '2023-07-02 04:07:21', '2023-07-02 04:07:21'),
(228, 4, 7, NULL, NULL, NULL, 1, '2023-07-02 04:07:21', '2023-07-02 04:07:21'),
(229, 4, 7, NULL, NULL, NULL, 1, '2023-07-02 04:07:21', '2023-07-02 04:07:21'),
(230, 4, 7, NULL, NULL, NULL, 1, '2023-07-02 04:07:21', '2023-07-02 04:07:21'),
(231, 4, 7, NULL, NULL, NULL, 1, '2023-07-02 04:07:21', '2023-07-02 04:07:21'),
(232, 4, 7, NULL, NULL, NULL, 1, '2023-07-02 04:07:21', '2023-07-02 04:07:21'),
(233, 4, 7, NULL, NULL, NULL, 1, '2023-07-02 04:07:21', '2023-07-02 04:07:21'),
(234, 4, 7, NULL, NULL, NULL, 1, '2023-07-02 04:07:21', '2023-07-02 04:07:21'),
(235, 4, 7, NULL, NULL, NULL, 1, '2023-07-02 04:07:21', '2023-07-02 04:07:21'),
(236, 4, 7, NULL, NULL, NULL, 1, '2023-07-02 04:07:21', '2023-07-02 04:07:21'),
(237, 4, 7, NULL, NULL, NULL, 1, '2023-07-02 04:07:21', '2023-07-02 04:07:21'),
(238, 4, 7, NULL, NULL, NULL, 1, '2023-07-02 04:07:21', '2023-07-02 04:07:21'),
(239, 4, 7, NULL, NULL, NULL, 1, '2023-07-02 04:07:21', '2023-07-02 04:07:21'),
(240, 4, 7, NULL, NULL, NULL, 1, '2023-07-02 04:07:21', '2023-07-02 04:07:21'),
(241, 4, 7, NULL, NULL, NULL, 1, '2023-07-02 04:07:21', '2023-07-02 04:07:21'),
(242, 4, 7, NULL, NULL, NULL, 1, '2023-07-02 04:07:21', '2023-07-02 04:07:21'),
(243, 4, 7, NULL, NULL, NULL, 1, '2023-07-02 04:07:21', '2023-07-02 04:07:21'),
(244, 4, 7, NULL, NULL, NULL, 1, '2023-07-02 04:07:21', '2023-07-02 04:07:21'),
(245, 4, 7, NULL, NULL, NULL, 1, '2023-07-02 04:07:21', '2023-07-02 04:07:21'),
(246, 4, 7, NULL, NULL, NULL, 1, '2023-07-02 04:07:21', '2023-07-02 04:07:21'),
(247, 4, 7, NULL, NULL, NULL, 1, '2023-07-02 04:07:21', '2023-07-02 04:07:21'),
(248, 4, 7, NULL, NULL, NULL, 1, '2023-07-02 04:07:21', '2023-07-02 04:07:21'),
(249, 4, 7, NULL, NULL, NULL, 1, '2023-07-02 04:07:21', '2023-07-02 04:07:21'),
(250, 4, 7, NULL, NULL, NULL, 1, '2023-07-02 04:07:21', '2023-07-02 04:07:21'),
(251, 4, 7, NULL, NULL, NULL, 1, '2023-07-02 04:07:21', '2023-07-02 04:07:21'),
(257, 6, 7, NULL, NULL, NULL, 1, '2023-07-02 04:31:04', '2023-07-02 04:31:04'),
(262, 7, 8, NULL, NULL, NULL, 1, '2023-07-02 05:04:28', '2023-07-02 05:04:28'),
(263, 7, 8, NULL, NULL, NULL, 1, '2023-07-02 05:04:28', '2023-07-02 05:04:28'),
(264, 7, 8, NULL, NULL, NULL, 1, '2023-07-02 05:04:28', '2023-07-02 05:04:28'),
(265, 7, 8, NULL, NULL, NULL, 1, '2023-07-02 05:04:28', '2023-07-02 05:04:28'),
(266, 7, 8, NULL, NULL, NULL, 1, '2023-07-02 05:04:28', '2023-07-02 05:04:28'),
(267, 7, 8, NULL, NULL, NULL, 1, '2023-07-02 05:04:28', '2023-07-02 05:04:28'),
(268, 7, 8, NULL, NULL, NULL, 1, '2023-07-02 05:04:28', '2023-07-02 05:04:28'),
(269, 7, 8, NULL, NULL, NULL, 1, '2023-07-02 05:04:28', '2023-07-02 05:04:28'),
(270, 7, 8, NULL, NULL, NULL, 1, '2023-07-02 05:04:28', '2023-07-02 05:04:28'),
(271, 7, 8, NULL, NULL, NULL, 1, '2023-07-02 05:04:28', '2023-07-02 05:04:28'),
(272, 7, 8, NULL, NULL, NULL, 1, '2023-07-02 05:04:28', '2023-07-02 05:04:28'),
(273, 7, 8, NULL, NULL, NULL, 1, '2023-07-02 05:04:28', '2023-07-02 05:04:28'),
(274, 7, 8, NULL, NULL, NULL, 1, '2023-07-02 05:04:28', '2023-07-02 05:04:28'),
(275, 7, 8, NULL, NULL, NULL, 1, '2023-07-02 05:04:28', '2023-07-02 05:04:28'),
(276, 7, 8, NULL, NULL, NULL, 1, '2023-07-02 05:04:28', '2023-07-02 05:04:28'),
(277, 7, 8, NULL, NULL, NULL, 1, '2023-07-02 05:04:28', '2023-07-02 05:04:28'),
(278, 7, 8, NULL, NULL, NULL, 1, '2023-07-02 05:04:28', '2023-07-02 05:04:28'),
(279, 7, 8, NULL, NULL, NULL, 1, '2023-07-02 05:04:28', '2023-07-02 05:04:28'),
(280, 7, 8, NULL, NULL, NULL, 1, '2023-07-02 05:04:28', '2023-07-02 05:04:28'),
(281, 7, 8, NULL, NULL, NULL, 1, '2023-07-02 05:04:28', '2023-07-02 05:04:28'),
(282, 7, 8, NULL, NULL, NULL, 1, '2023-07-02 05:04:28', '2023-07-02 05:04:28'),
(283, 7, 8, NULL, NULL, NULL, 1, '2023-07-02 05:04:28', '2023-07-02 05:04:28'),
(284, 7, 8, NULL, NULL, NULL, 1, '2023-07-02 05:04:28', '2023-07-02 05:04:28'),
(285, 7, 8, NULL, NULL, NULL, 1, '2023-07-02 05:04:28', '2023-07-02 05:04:28'),
(286, 7, 8, NULL, NULL, NULL, 1, '2023-07-02 05:04:28', '2023-07-02 05:04:28'),
(287, 7, 8, NULL, NULL, NULL, 1, '2023-07-02 05:04:28', '2023-07-02 05:04:28'),
(288, 7, 8, NULL, NULL, NULL, 1, '2023-07-02 05:04:28', '2023-07-02 05:04:28'),
(289, 7, 8, NULL, NULL, NULL, 1, '2023-07-02 05:04:28', '2023-07-02 05:04:28'),
(290, 7, 8, NULL, NULL, NULL, 1, '2023-07-02 05:04:28', '2023-07-02 05:04:28'),
(291, 7, 8, NULL, NULL, NULL, 1, '2023-07-02 05:04:28', '2023-07-02 05:04:28'),
(292, 7, 8, NULL, NULL, NULL, 1, '2023-07-02 05:04:28', '2023-07-02 05:04:28'),
(293, 7, 8, NULL, NULL, NULL, 1, '2023-07-02 05:04:28', '2023-07-02 05:04:28'),
(294, 7, 8, NULL, NULL, NULL, 1, '2023-07-02 05:04:28', '2023-07-02 05:04:28'),
(295, 7, 8, NULL, NULL, NULL, 1, '2023-07-02 05:04:28', '2023-07-02 05:04:28'),
(296, 7, 8, NULL, NULL, NULL, 1, '2023-07-02 05:04:28', '2023-07-02 05:04:28'),
(297, 7, 8, NULL, NULL, NULL, 1, '2023-07-02 05:04:28', '2023-07-02 05:04:28'),
(298, 7, 8, NULL, NULL, NULL, 1, '2023-07-02 05:04:28', '2023-07-02 05:04:28'),
(299, 7, 8, NULL, NULL, NULL, 1, '2023-07-02 05:04:28', '2023-07-02 05:04:28'),
(300, 7, 8, NULL, NULL, NULL, 1, '2023-07-02 05:04:28', '2023-07-02 05:04:28'),
(301, 7, 8, NULL, NULL, NULL, 1, '2023-07-02 05:04:28', '2023-07-02 05:04:28'),
(302, 7, 8, NULL, NULL, NULL, 1, '2023-07-02 05:04:28', '2023-07-02 05:04:28'),
(303, 7, 8, NULL, NULL, NULL, 1, '2023-07-02 05:04:28', '2023-07-02 05:04:28'),
(304, 7, 8, NULL, NULL, NULL, 1, '2023-07-02 05:04:28', '2023-07-02 05:04:28'),
(305, 7, 8, NULL, NULL, NULL, 1, '2023-07-02 05:04:28', '2023-07-02 05:04:28'),
(306, 7, 8, NULL, NULL, NULL, 1, '2023-07-02 05:04:28', '2023-07-02 05:04:28'),
(307, 7, 8, NULL, NULL, NULL, 1, '2023-07-02 05:04:28', '2023-07-02 05:04:28'),
(308, 7, 8, NULL, NULL, NULL, 1, '2023-07-02 05:04:28', '2023-07-02 05:04:28'),
(309, 7, 8, NULL, NULL, NULL, 1, '2023-07-02 05:04:28', '2023-07-02 05:04:28'),
(310, 7, 8, NULL, NULL, NULL, 1, '2023-07-02 05:04:28', '2023-07-02 05:04:28'),
(311, 7, 8, NULL, NULL, NULL, 1, '2023-07-02 05:04:28', '2023-07-02 05:04:28'),
(312, 7, 8, NULL, NULL, NULL, 1, '2023-07-02 05:04:28', '2023-07-02 05:04:28'),
(313, 7, 8, NULL, NULL, NULL, 1, '2023-07-02 05:04:28', '2023-07-02 05:04:28'),
(314, 7, 8, NULL, NULL, NULL, 1, '2023-07-02 05:04:28', '2023-07-02 05:04:28'),
(315, 7, 8, NULL, NULL, NULL, 1, '2023-07-02 05:04:28', '2023-07-02 05:04:28'),
(316, 7, 8, NULL, NULL, NULL, 1, '2023-07-02 05:04:28', '2023-07-02 05:04:28'),
(317, 7, 8, NULL, NULL, NULL, 1, '2023-07-02 05:04:28', '2023-07-02 05:04:28'),
(318, 7, 8, NULL, NULL, NULL, 1, '2023-07-02 05:04:28', '2023-07-02 05:04:28'),
(319, 7, 8, NULL, NULL, NULL, 1, '2023-07-02 05:04:28', '2023-07-02 05:04:28'),
(320, 7, 8, NULL, NULL, NULL, 1, '2023-07-02 05:04:28', '2023-07-02 05:04:28'),
(321, 7, 8, NULL, NULL, NULL, 1, '2023-07-02 05:04:28', '2023-07-02 05:04:28'),
(322, 7, 8, NULL, NULL, NULL, 1, '2023-07-02 05:04:28', '2023-07-02 05:04:28'),
(323, 7, 8, NULL, NULL, NULL, 1, '2023-07-02 05:04:28', '2023-07-02 05:04:28'),
(324, 7, 8, NULL, NULL, NULL, 1, '2023-07-02 05:04:28', '2023-07-02 05:04:28'),
(325, 7, 8, NULL, NULL, NULL, 1, '2023-07-02 05:04:28', '2023-07-02 05:04:28'),
(326, 7, 8, NULL, NULL, NULL, 1, '2023-07-02 05:04:28', '2023-07-02 05:04:28'),
(327, 7, 8, NULL, NULL, NULL, 1, '2023-07-02 05:04:28', '2023-07-02 05:04:28'),
(328, 7, 8, NULL, NULL, NULL, 1, '2023-07-02 05:04:28', '2023-07-02 05:04:28'),
(329, 7, 8, NULL, NULL, NULL, 1, '2023-07-02 05:04:28', '2023-07-02 05:04:28'),
(330, 7, 8, NULL, NULL, NULL, 1, '2023-07-02 05:04:28', '2023-07-02 05:04:28'),
(331, 7, 8, NULL, NULL, NULL, 1, '2023-07-02 05:04:28', '2023-07-02 05:04:28'),
(332, 7, 8, NULL, NULL, NULL, 1, '2023-07-02 05:04:28', '2023-07-02 05:04:28'),
(333, 7, 8, NULL, NULL, NULL, 1, '2023-07-02 05:04:28', '2023-07-02 05:04:28'),
(334, 7, 8, NULL, NULL, NULL, 1, '2023-07-02 05:04:28', '2023-07-02 05:04:28'),
(335, 7, 8, NULL, NULL, NULL, 1, '2023-07-02 05:04:28', '2023-07-02 05:04:28'),
(336, 7, 8, NULL, NULL, NULL, 1, '2023-07-02 05:04:28', '2023-07-02 05:04:28'),
(337, 7, 8, NULL, NULL, NULL, 1, '2023-07-02 05:04:28', '2023-07-02 05:04:28'),
(338, 7, 8, NULL, NULL, NULL, 1, '2023-07-02 05:04:28', '2023-07-02 05:04:28'),
(339, 7, 8, NULL, NULL, NULL, 1, '2023-07-02 05:04:28', '2023-07-02 05:04:28'),
(340, 7, 8, NULL, NULL, NULL, 1, '2023-07-02 05:04:28', '2023-07-02 05:04:28'),
(341, 7, 8, NULL, NULL, NULL, 1, '2023-07-02 05:04:28', '2023-07-02 05:04:28'),
(342, 7, 8, NULL, NULL, NULL, 1, '2023-07-02 05:04:28', '2023-07-02 05:04:28'),
(343, 7, 8, NULL, NULL, NULL, 1, '2023-07-02 05:04:28', '2023-07-02 05:04:28'),
(344, 7, 8, NULL, NULL, NULL, 1, '2023-07-02 05:04:28', '2023-07-02 05:04:28'),
(345, 7, 8, NULL, NULL, NULL, 1, '2023-07-02 05:04:28', '2023-07-02 05:04:28'),
(346, 7, 8, NULL, NULL, NULL, 1, '2023-07-02 05:04:28', '2023-07-02 05:04:28'),
(347, 7, 8, NULL, NULL, NULL, 1, '2023-07-02 05:04:28', '2023-07-02 05:04:28'),
(348, 7, 8, NULL, NULL, NULL, 1, '2023-07-02 05:04:28', '2023-07-02 05:04:28'),
(349, 7, 8, NULL, NULL, NULL, 1, '2023-07-02 05:04:28', '2023-07-02 05:04:28'),
(350, 7, 8, NULL, NULL, NULL, 1, '2023-07-02 05:04:28', '2023-07-02 05:04:28'),
(351, 7, 8, NULL, NULL, NULL, 1, '2023-07-02 05:04:28', '2023-07-02 05:04:28'),
(352, 7, 8, NULL, NULL, NULL, 1, '2023-07-02 05:04:28', '2023-07-02 05:04:28'),
(353, 7, 8, NULL, NULL, NULL, 1, '2023-07-02 05:04:28', '2023-07-02 05:04:28'),
(354, 7, 8, NULL, NULL, NULL, 1, '2023-07-02 05:04:28', '2023-07-02 05:04:28'),
(355, 7, 8, NULL, NULL, NULL, 1, '2023-07-02 05:04:28', '2023-07-02 05:04:28'),
(356, 7, 8, NULL, NULL, NULL, 1, '2023-07-02 05:04:28', '2023-07-02 05:04:28'),
(357, 7, 8, NULL, NULL, NULL, 1, '2023-07-02 05:04:28', '2023-07-02 05:04:28'),
(358, 7, 8, NULL, NULL, NULL, 1, '2023-07-02 05:04:28', '2023-07-02 05:04:28'),
(359, 7, 8, NULL, NULL, NULL, 1, '2023-07-02 05:04:28', '2023-07-02 05:04:28'),
(360, 7, 8, NULL, NULL, NULL, 1, '2023-07-02 05:04:28', '2023-07-02 05:04:28'),
(361, 7, 8, NULL, NULL, NULL, 1, '2023-07-02 05:04:28', '2023-07-02 05:04:28'),
(648, 5, 7, 1, '1', '1', 1, '2023-07-18 10:55:09', '2023-07-18 10:55:09'),
(649, 5, 7, NULL, NULL, NULL, 0, '2023-07-18 10:55:09', '2023-07-18 10:55:09'),
(650, 5, 7, NULL, NULL, NULL, 0, '2023-07-18 10:55:09', '2023-07-18 10:55:09'),
(651, 5, 7, NULL, NULL, NULL, 0, '2023-07-18 10:55:09', '2023-07-18 10:55:09'),
(652, 5, 7, NULL, NULL, NULL, 0, '2023-07-18 10:55:09', '2023-07-18 10:55:09'),
(653, 8, 6, 10, '1', '1', 1, '2023-07-18 11:45:24', '2023-07-18 11:45:24'),
(654, 8, 6, 10, 'question', 'explanation', 0, '2023-07-18 11:45:24', '2023-07-18 11:45:24'),
(655, 8, 6, NULL, NULL, NULL, 0, '2023-07-18 11:45:24', '2023-07-18 11:45:24'),
(656, 8, 6, NULL, NULL, NULL, 0, '2023-07-18 11:45:24', '2023-07-18 11:45:24'),
(657, 8, 6, NULL, NULL, NULL, 0, '2023-07-18 11:45:24', '2023-07-18 11:45:24'),
(658, 8, 6, NULL, NULL, NULL, 0, '2023-07-18 11:45:24', '2023-07-18 11:45:24'),
(659, 8, 6, NULL, NULL, NULL, 0, '2023-07-18 11:45:24', '2023-07-18 11:45:24'),
(660, 8, 6, NULL, NULL, NULL, 0, '2023-07-18 11:45:24', '2023-07-18 11:45:24'),
(661, 8, 6, NULL, NULL, NULL, 0, '2023-07-18 11:45:24', '2023-07-18 11:45:24'),
(662, 8, 6, NULL, NULL, NULL, 0, '2023-07-18 11:45:24', '2023-07-18 11:45:24'),
(663, 8, 6, NULL, NULL, NULL, 0, '2023-07-18 11:45:24', '2023-07-18 11:45:24'),
(664, 8, 6, NULL, NULL, NULL, 0, '2023-07-18 11:45:24', '2023-07-18 11:45:24');

-- --------------------------------------------------------

--
-- Table structure for table `exam_question_options`
--

CREATE TABLE `exam_question_options` (
  `id` bigint UNSIGNED NOT NULL,
  `exam_question_id` bigint UNSIGNED NOT NULL,
  `option` text CHARACTER SET utf8mb4 COLLATE utf8mb4_unicode_ci NOT NULL,
  `is_answer` tinyint NOT NULL,
  `created_at` timestamp NULL DEFAULT NULL,
  `updated_at` timestamp NULL DEFAULT NULL
) ENGINE=InnoDB DEFAULT CHARSET=utf8mb4 COLLATE=utf8mb4_unicode_ci;

--
-- Dumping data for table `exam_question_options`
--

INSERT INTO `exam_question_options` (`id`, `exam_question_id`, `option`, `is_answer`, `created_at`, `updated_at`) VALUES
(1, 622, 'qq', 0, '2023-07-18 10:43:05', '2023-07-18 10:43:05'),
(2, 622, 'ww', 1, '2023-07-18 10:43:05', '2023-07-18 10:43:05'),
(3, 622, 'ee', 0, '2023-07-18 10:43:05', '2023-07-18 10:43:05'),
(4, 622, 'rr', 0, '2023-07-18 10:43:05', '2023-07-18 10:43:05'),
(5, 626, 'aa', 0, '2023-07-18 10:43:05', '2023-07-18 10:43:05'),
(6, 626, 'ss', 0, '2023-07-18 10:43:05', '2023-07-18 10:43:05'),
(7, 626, 'dd', 0, '2023-07-18 10:43:05', '2023-07-18 10:43:05'),
(8, 626, 'ff', 1, '2023-07-18 10:43:05', '2023-07-18 10:43:05'),
(9, 622, 'qq', 0, '2023-07-18 10:48:33', '2023-07-18 10:48:33'),
(10, 622, 'ww', 1, '2023-07-18 10:48:33', '2023-07-18 10:48:33'),
(11, 622, 'ee', 0, '2023-07-18 10:48:33', '2023-07-18 10:48:33'),
(12, 622, 'rr', 0, '2023-07-18 10:48:33', '2023-07-18 10:48:33'),
(13, 626, 'aa', 0, '2023-07-18 10:48:33', '2023-07-18 10:48:33'),
(14, 626, 'ss', 0, '2023-07-18 10:48:33', '2023-07-18 10:48:33'),
(15, 626, 'dd', 0, '2023-07-18 10:48:33', '2023-07-18 10:48:33'),
(16, 626, 'ff', 1, '2023-07-18 10:48:33', '2023-07-18 10:48:33'),
(17, 653, '11', 0, '2023-07-18 11:48:27', '2023-07-18 11:48:27'),
(18, 653, '11', 0, '2023-07-18 11:48:27', '2023-07-18 11:48:27'),
(19, 653, '22', 1, '2023-07-18 11:48:27', '2023-07-18 11:48:27'),
(20, 653, '33', 0, '2023-07-18 11:48:27', '2023-07-18 11:48:27'),
(21, 654, '33', 1, '2023-07-18 11:48:27', '2023-07-18 11:48:27'),
(22, 654, '66', 0, '2023-07-18 11:48:27', '2023-07-18 11:48:27'),
(23, 654, '99', 0, '2023-07-18 11:48:27', '2023-07-18 11:48:27'),
(24, 654, '88', 0, '2023-07-18 11:48:27', '2023-07-18 11:48:27');

-- --------------------------------------------------------

--
-- Table structure for table `exam_results`
--

CREATE TABLE `exam_results` (
  `id` bigint UNSIGNED NOT NULL,
  `user_id` bigint UNSIGNED NOT NULL,
  `exam_id` bigint UNSIGNED NOT NULL,
  `subject_id` bigint UNSIGNED NOT NULL,
  `answer` longtext CHARACTER SET utf8mb4 COLLATE utf8mb4_unicode_ci NOT NULL,
  `input_image` varchar(255) CHARACTER SET utf8mb4 COLLATE utf8mb4_unicode_ci DEFAULT NULL,
  `output_image` varchar(255) CHARACTER SET utf8mb4 COLLATE utf8mb4_unicode_ci DEFAULT NULL,
  `created_at` timestamp NULL DEFAULT NULL,
  `updated_at` timestamp NULL DEFAULT NULL
) ENGINE=InnoDB DEFAULT CHARSET=utf8mb4 COLLATE=utf8mb4_unicode_ci;

-- --------------------------------------------------------

--
-- Table structure for table `failed_jobs`
--

CREATE TABLE `failed_jobs` (
  `id` bigint UNSIGNED NOT NULL,
  `uuid` varchar(255) CHARACTER SET utf8mb4 COLLATE utf8mb4_unicode_ci NOT NULL,
  `connection` text CHARACTER SET utf8mb4 COLLATE utf8mb4_unicode_ci NOT NULL,
  `queue` text CHARACTER SET utf8mb4 COLLATE utf8mb4_unicode_ci NOT NULL,
  `payload` longtext CHARACTER SET utf8mb4 COLLATE utf8mb4_unicode_ci NOT NULL,
  `exception` longtext CHARACTER SET utf8mb4 COLLATE utf8mb4_unicode_ci NOT NULL,
  `failed_at` timestamp NOT NULL DEFAULT CURRENT_TIMESTAMP
) ENGINE=InnoDB DEFAULT CHARSET=utf8mb4 COLLATE=utf8mb4_unicode_ci;

-- --------------------------------------------------------

--
-- Table structure for table `forgot_password_otps`
--

CREATE TABLE `forgot_password_otps` (
  `id` bigint UNSIGNED NOT NULL,
  `otp` varchar(255) CHARACTER SET utf8mb4 COLLATE utf8mb4_unicode_ci NOT NULL,
  `email` varchar(255) CHARACTER SET utf8mb4 COLLATE utf8mb4_unicode_ci NOT NULL,
  `created_at` timestamp NULL DEFAULT NULL,
  `updated_at` timestamp NULL DEFAULT NULL
) ENGINE=InnoDB DEFAULT CHARSET=utf8mb4 COLLATE=utf8mb4_unicode_ci;

--
-- Dumping data for table `forgot_password_otps`
--

INSERT INTO `forgot_password_otps` (`id`, `otp`, `email`, `created_at`, `updated_at`) VALUES
(2, '312064', 'wiztec.foisal@gmail.com', '2023-07-17 05:31:52', '2023-07-17 05:31:52'),
(4, '691400', 'mahin18@gmail.com', '2023-07-30 09:34:31', '2023-07-30 09:34:31'),
(5, '315207', 'mahin1@gmail.com', '2023-07-30 09:48:28', '2023-07-30 09:48:28'),
(6, '804170', 'mahin@gmail.com', '2023-07-30 10:00:56', '2023-07-30 10:00:56'),
(7, '157697', 'mahin12@gmail.com', '2023-07-30 10:03:59', '2023-07-30 10:03:59'),
(8, '738632', 'mahin123@gmail.com', '2023-07-30 10:05:58', '2023-07-30 10:05:58'),
(9, '793845', 'mahin1234@gmail.com', '2023-07-30 10:07:29', '2023-07-30 10:07:29'),
(21, '864174', 'mahin1899@gmail.com', '2023-07-30 10:53:34', '2023-07-30 10:53:34'),
(22, '971904', 'mahin1899@gmail.com', '2023-07-30 10:54:04', '2023-07-30 10:54:04'),
(23, '854303', 'wiztec.foisal1@gmail.com', '2023-08-06 12:30:13', '2023-08-06 12:30:13');

-- --------------------------------------------------------

--
-- Table structure for table `migrations`
--

CREATE TABLE `migrations` (
  `id` int UNSIGNED NOT NULL,
  `migration` varchar(255) CHARACTER SET utf8mb4 COLLATE utf8mb4_unicode_ci NOT NULL,
  `batch` int NOT NULL
) ENGINE=InnoDB DEFAULT CHARSET=utf8mb4 COLLATE=utf8mb4_unicode_ci;

--
-- Dumping data for table `migrations`
--

INSERT INTO `migrations` (`id`, `migration`, `batch`) VALUES
(1, '2014_10_12_000000_create_users_table', 1),
(2, '2014_10_12_100000_create_password_reset_tokens_table', 1),
(3, '2019_08_19_000000_create_failed_jobs_table', 1),
(4, '2019_12_14_000001_create_personal_access_tokens_table', 1),
(5, '2023_06_18_063115_create_admins_table', 1),
(6, '2023_06_18_070343_create_company_infos_table', 2),
(7, '2023_06_18_084056_create_pages_table', 3),
(8, '2023_06_19_065142_create_subjects_table', 4),
(9, '2023_06_19_065149_create_subject_topics_table', 4),
(10, '2023_06_19_090747_create_courses_table', 4),
(12, '2023_06_20_042611_create_exams_table', 5),
(13, '2023_06_20_063320_create_exam_questions_table', 6),
(14, '2023_06_20_070503_create_exam_question_options_table', 6),
(15, '2023_06_25_043458_create_forgot_password_otps_table', 7),
(16, '2023_06_25_053852_create_course_registrations_table', 8),
(17, '2023_07_03_094723_create_notifications_table', 9),
(18, '2023_07_26_165612_create_exam_results_table', 10);

-- --------------------------------------------------------

--
-- Table structure for table `notifications`
--

CREATE TABLE `notifications` (
  `id` bigint UNSIGNED NOT NULL,
  `user_id` bigint UNSIGNED DEFAULT NULL,
  `course_id` bigint UNSIGNED DEFAULT NULL,
  `name` text CHARACTER SET utf8mb4 COLLATE utf8mb4_unicode_ci NOT NULL,
  `details` text COLLATE utf8mb4_unicode_ci,
  `type` int NOT NULL COMMENT '1=all,2=individual,3=course wise',
  `created_at` timestamp NULL DEFAULT NULL,
  `updated_at` timestamp NULL DEFAULT NULL
) ENGINE=InnoDB DEFAULT CHARSET=utf8mb4 COLLATE=utf8mb4_unicode_ci;

--
-- Dumping data for table `notifications`
--

INSERT INTO `notifications` (`id`, `user_id`, `course_id`, `name`, `details`, `type`, `created_at`, `updated_at`) VALUES
(1, NULL, NULL, 'Lorem Ipsum is simply dummy text of the printing and typesetting industry. Lorem Ipsum has been the industry\'s standard dummy text ever since the 1500s, when an unknown printer took a galley of type and scrambled it to make a type specimen book. It has survived not only five centuries,', 'Is we miles ready he might going. Own books built put civil fully blind fanny. Projection appearance at of admiration no. As he totally cousins warrant besides ashamed do. Therefore by applauded acuteness supported affection it. Except had sex limits county enough the figure former add. Do sang my he next mr soon. It merely waited do unable.', 1, '2023-07-03 04:57:57', '2023-07-03 04:57:57'),
(2, 1, NULL, 'Lorem Ipsum is simply dummy text of the printing and typesetting industry. Lorem Ipsum has been the industry\'s standard dummy text ever since the 1500s, when an unknown printer took a galley of type and scrambled it to make a type specimen book. It has survived not only five centuries,', 'Is we miles ready he might going. Own books built put civil fully blind fanny. Projection appearance at of admiration no. As he totally cousins warrant besides ashamed do. Therefore by applauded acuteness supported affection it. Except had sex limits county enough the figure former add. Do sang my he next mr soon. It merely waited do unable.', 2, '2023-07-04 05:02:47', '2023-07-03 05:02:47'),
(3, NULL, 3, 'Lorem Ipsum is simply dummy text of the printing and typesetting industry. Lorem Ipsum has been the industry\'s standard dummy text ever since the 1500s, when an unknown printer took a galley of type and scrambled it to make a type specimen book. It has survived not only five centuries,', 'Is we miles ready he might going. Own books built put civil fully blind fanny. Projection appearance at of admiration no. As he totally cousins warrant besides ashamed do. Therefore by applauded acuteness supported affection it. Except had sex limits county enough the figure former add. Do sang my he next mr soon. It merely waited do unable.', 3, '2023-07-05 05:02:56', '2023-07-03 05:02:56');

-- --------------------------------------------------------

--
-- Table structure for table `pages`
--

CREATE TABLE `pages` (
  `id` bigint UNSIGNED NOT NULL,
  `name` varchar(255) CHARACTER SET utf8mb4 COLLATE utf8mb4_unicode_ci NOT NULL,
  `slug` varchar(255) CHARACTER SET utf8mb4 COLLATE utf8mb4_unicode_ci NOT NULL,
  `details` longtext CHARACTER SET utf8mb4 COLLATE utf8mb4_unicode_ci NOT NULL,
  `status` tinyint NOT NULL DEFAULT '1',
  `created_at` timestamp NULL DEFAULT NULL,
  `updated_at` timestamp NULL DEFAULT NULL
) ENGINE=InnoDB DEFAULT CHARSET=utf8mb4 COLLATE=utf8mb4_unicode_ci;

--
-- Dumping data for table `pages`
--

INSERT INTO `pages` (`id`, `name`, `slug`, `details`, `status`, `created_at`, `updated_at`) VALUES
(1, 'ab', 'ab', '<p>ab</p>', 1, '2023-06-18 05:52:12', '2023-06-18 05:52:21');

-- --------------------------------------------------------

--
-- Table structure for table `password_reset_tokens`
--

CREATE TABLE `password_reset_tokens` (
  `id` int NOT NULL,
  `email` varchar(255) CHARACTER SET utf8mb4 COLLATE utf8mb4_unicode_ci NOT NULL,
  `token` varchar(255) CHARACTER SET utf8mb4 COLLATE utf8mb4_unicode_ci NOT NULL,
  `created_at` timestamp NULL DEFAULT NULL
) ENGINE=InnoDB DEFAULT CHARSET=utf8mb4 COLLATE=utf8mb4_unicode_ci;

--
-- Dumping data for table `password_reset_tokens`
--

INSERT INTO `password_reset_tokens` (`id`, `email`, `token`, `created_at`) VALUES
(5, 'wiztec.foisal@gmail.com', 'A4CsyQ2zBEAt7QmIav7jA65dm6xpFraFi78PDrD3', '2023-06-26 01:02:50'),
(6, 'wiztec.foisal@gmail.com', 'Kk7LllRzABuflgLHKYfeEkoAbx1RCxYTRQQGzaBN', '2023-06-26 01:05:34'),
(7, 'wiztec.foisal@gmail.com', 'Kk7LllRzABuflgLHKYfeEkoAbx1RCxYTRQQGzaBN', '2023-06-26 01:08:06'),
(8, 'wiztec.foisal@gmail.com', 'Kk7LllRzABuflgLHKYfeEkoAbx1RCxYTRQQGzaBN', '2023-06-26 01:08:36'),
(9, 'wiztec.foisal@gmail.com', 'A4CsyQ2zBEAt7QmIav7jA65dm6xpFraFi78PDrD3', '2023-06-26 01:10:00');

-- --------------------------------------------------------

--
-- Table structure for table `personal_access_tokens`
--

CREATE TABLE `personal_access_tokens` (
  `id` bigint UNSIGNED NOT NULL,
  `tokenable_type` varchar(255) CHARACTER SET utf8mb4 COLLATE utf8mb4_unicode_ci NOT NULL,
  `tokenable_id` bigint UNSIGNED NOT NULL,
  `name` varchar(255) CHARACTER SET utf8mb4 COLLATE utf8mb4_unicode_ci NOT NULL,
  `token` varchar(64) CHARACTER SET utf8mb4 COLLATE utf8mb4_unicode_ci NOT NULL,
  `abilities` text CHARACTER SET utf8mb4 COLLATE utf8mb4_unicode_ci,
  `last_used_at` timestamp NULL DEFAULT NULL,
  `expires_at` timestamp NULL DEFAULT NULL,
  `created_at` timestamp NULL DEFAULT NULL,
  `updated_at` timestamp NULL DEFAULT NULL
) ENGINE=InnoDB DEFAULT CHARSET=utf8mb4 COLLATE=utf8mb4_unicode_ci;

--
-- Dumping data for table `personal_access_tokens`
--

INSERT INTO `personal_access_tokens` (`id`, `tokenable_type`, `tokenable_id`, `name`, `token`, `abilities`, `last_used_at`, `expires_at`, `created_at`, `updated_at`) VALUES
(1, 'App\\Models\\User', 1, 'authToken', '78ba8c12d87e637bd0efa8d62a0f392b37137d9386b6e7d014602407fad9e847', '[\"*\"]', '2023-06-25 21:47:53', NULL, '2023-06-24 23:10:28', '2023-06-25 21:47:53'),
(2, 'App\\Models\\User', 1, 'authToken', 'ca2d31503f4c9cb382e7d86f6b7aad52f98cbc022e455489d36052180e39cc41', '[\"*\"]', NULL, NULL, '2023-07-30 06:54:55', '2023-07-30 06:54:55'),
(3, 'App\\Models\\User', 1, 'authToken', '5aae03bab4c3fe5c22b8bd3f45d1334aa8e082d0fdd72596967b93e9a8b9e730', '[\"*\"]', NULL, NULL, '2023-07-30 06:54:56', '2023-07-30 06:54:56'),
(4, 'App\\Models\\User', 1, 'authToken', 'd7e895bcb8d356ff2d8319e18b4fe46ba5960ab813b0a2256db11e304fcaab4b', '[\"*\"]', NULL, NULL, '2023-07-30 07:11:01', '2023-07-30 07:11:01'),
(5, 'App\\Models\\User', 1, 'authToken', '58c9f254037a24096a1a69d51a8f052f185d7585a40c50904441321235cb392c', '[\"*\"]', NULL, NULL, '2023-07-30 07:11:38', '2023-07-30 07:11:38'),
(6, 'App\\Models\\User', 1, 'authToken', '8b8069a8a4466574dc710581e5ba2b89a09705a322cecfa2da0666b7e406aea7', '[\"*\"]', NULL, NULL, '2023-07-30 09:13:20', '2023-07-30 09:13:20'),
(7, 'App\\Models\\User', 1, 'authToken', 'cc60bcb93679e5704d90d22c83c8b1ffc25c237ca24db4c529bfe4d3d9ec7022', '[\"*\"]', '2023-08-08 10:56:19', NULL, '2023-07-30 10:20:02', '2023-08-08 10:56:19'),
(8, 'App\\Models\\User', 9, 'authToken', 'd356003b92616aeda062801814661777aac20f5c38c65a691a1c67381c751bd7', '[\"*\"]', NULL, NULL, '2023-07-30 10:47:47', '2023-07-30 10:47:47'),
(9, 'App\\Models\\User', 9, 'authToken', '26eb494a7ba4a900f87d5bf9e5d6ff1851fa5892266f207ffdee9efbc6d67636', '[\"*\"]', '2023-08-01 05:01:23', NULL, '2023-07-30 11:08:21', '2023-08-01 05:01:23'),
(10, 'App\\Models\\User', 1, 'authToken', 'a94bbb3deaa0a5873c81462e8b1e587855898c72a6944a170987c4628bd11efa', '[\"*\"]', '2023-08-06 12:36:39', NULL, '2023-08-06 12:36:38', '2023-08-06 12:36:39'),
(11, 'App\\Models\\User', 1, 'authToken', 'bdc4b8d67d024aea93fbb5d53587357d47a156d2ef165e60e56f5a099377251e', '[\"*\"]', NULL, NULL, '2023-08-06 12:54:09', '2023-08-06 12:54:09'),
(12, 'App\\Models\\User', 1, 'authToken', '8d0ee110ca3ce26782dd41364eec1b5a31640f91e7405ab6214ef645b39d5675', '[\"*\"]', '2023-08-10 09:28:24', NULL, '2023-08-06 12:58:41', '2023-08-10 09:28:24'),
(13, 'App\\Models\\User', 1, 'authToken', '38b3b7d3f5afad690c320508eca2be712e45390aef49fd7862432442982a9424', '[\"*\"]', '2023-08-06 13:05:58', NULL, '2023-08-06 13:05:57', '2023-08-06 13:05:58'),
(14, 'App\\Models\\User', 1, 'authToken', '62d793581909e3bee3f6d6886146850eeb9a6092c53708a93ab0eeea592cda9b', '[\"*\"]', '2023-08-06 13:06:43', NULL, '2023-08-06 13:06:43', '2023-08-06 13:06:43'),
(15, 'App\\Models\\User', 1, 'authToken', '7b92897ae09b506240c190c158a132b9e10f262e62670bcac19dc07698403d80', '[\"*\"]', '2023-08-06 13:18:05', NULL, '2023-08-06 13:18:04', '2023-08-06 13:18:05'),
(16, 'App\\Models\\User', 1, 'authToken', '93391fd5e1f33c1f435438e7361d25a12d1fc86ec3ad12c805f35ba8ae405d7e', '[\"*\"]', '2023-08-10 09:30:23', NULL, '2023-08-10 09:29:47', '2023-08-10 09:30:23'),
(17, 'App\\Models\\User', 1, 'authToken', 'a0b79cc4c2be0cd86865906674aea11771c53946e65535cece0d7f7f0addb1c9', '[\"*\"]', '2023-08-12 10:34:18', NULL, '2023-08-11 13:40:22', '2023-08-12 10:34:18');

-- --------------------------------------------------------

--
-- Table structure for table `subjects`
--

CREATE TABLE `subjects` (
  `id` bigint UNSIGNED NOT NULL,
  `course_id` bigint UNSIGNED NOT NULL,
  `name` varchar(255) CHARACTER SET utf8mb4 COLLATE utf8mb4_unicode_ci NOT NULL,
  `status` tinyint NOT NULL DEFAULT '1',
  `created_at` timestamp NULL DEFAULT NULL,
  `updated_at` timestamp NULL DEFAULT NULL
) ENGINE=InnoDB DEFAULT CHARSET=utf8mb4 COLLATE=utf8mb4_unicode_ci;

--
-- Dumping data for table `subjects`
--

INSERT INTO `subjects` (`id`, `course_id`, `name`, `status`, `created_at`, `updated_at`) VALUES
(1, 1, 'A1', 1, '2023-07-01 23:20:32', '2023-07-02 00:00:15'),
(2, 1, 'A2', 1, '2023-07-01 23:20:32', '2023-07-01 23:20:32'),
(3, 1, 'A3', 1, '2023-07-01 23:55:46', '2023-07-02 00:07:47'),
(4, 2, 'Math', 1, '2023-07-02 03:33:48', '2023-07-02 03:33:48'),
(5, 2, 'English', 1, '2023-07-02 03:33:48', '2023-07-02 03:33:48'),
(6, 2, 'Bangla', 1, '2023-07-02 03:33:48', '2023-07-02 03:33:48'),
(7, 3, 'Mathds', 1, '2023-07-02 04:01:18', '2023-07-02 05:00:45'),
(8, 4, 'HTML', 1, '2023-07-02 05:03:36', '2023-07-02 07:13:58'),
(9, 4, 'CSS', 1, '2023-07-02 05:03:36', '2023-07-02 06:33:15'),
(10, 4, 'PHP', 0, '2023-07-02 05:03:36', '2023-07-02 06:46:46'),
(11, 4, 'Laravel', 1, '2023-07-02 05:03:36', '2023-07-02 05:03:36');

-- --------------------------------------------------------

--
-- Table structure for table `subject_topics`
--

CREATE TABLE `subject_topics` (
  `id` bigint UNSIGNED NOT NULL,
  `exam_id` bigint UNSIGNED NOT NULL,
  `name` varchar(255) CHARACTER SET utf8mb4 COLLATE utf8mb4_unicode_ci NOT NULL,
  `status` tinyint NOT NULL DEFAULT '1',
  `created_at` timestamp NULL DEFAULT NULL,
  `updated_at` timestamp NULL DEFAULT NULL
) ENGINE=InnoDB DEFAULT CHARSET=utf8mb4 COLLATE=utf8mb4_unicode_ci;

--
-- Dumping data for table `subject_topics`
--

INSERT INTO `subject_topics` (`id`, `exam_id`, `name`, `status`, `created_at`, `updated_at`) VALUES
(1, 1, 'A11', 0, '2023-07-02 01:25:05', '2023-07-02 01:59:04'),
(2, 1, 'A22', 1, '2023-07-02 01:25:05', '2023-07-02 01:25:05'),
(3, 2, 'B11', 1, '2023-07-02 02:44:31', '2023-07-02 02:44:31'),
(4, 2, 'B22', 1, '2023-07-02 02:44:31', '2023-07-02 02:44:31'),
(5, 3, 'Algebra', 1, '2023-07-02 03:35:44', '2023-07-02 03:35:44'),
(6, 3, 'Calculas', 1, '2023-07-02 03:35:44', '2023-07-02 03:35:44'),
(7, 3, 'Straight line', 1, '2023-07-02 03:35:44', '2023-07-02 03:35:44'),
(8, 4, 'a', 1, '2023-07-02 04:07:20', '2023-07-02 04:07:20'),
(9, 4, 'b', 1, '2023-07-02 04:07:20', '2023-07-02 04:07:20'),
(10, 4, 'c', 1, '2023-07-02 04:07:20', '2023-07-02 04:07:20'),
(11, 5, 'aa', 1, '2023-07-02 04:30:10', '2023-07-02 04:30:10'),
(12, 5, 'bb', 1, '2023-07-02 04:30:10', '2023-07-02 04:30:10'),
(13, 5, 'cc', 1, '2023-07-02 04:30:10', '2023-07-02 04:30:10'),
(14, 6, 'a', 1, '2023-07-02 04:31:04', '2023-07-02 04:31:04'),
(15, 6, 'aa', 1, '2023-07-02 04:31:04', '2023-07-02 04:31:04'),
(16, 7, 'Intoduction', 1, '2023-07-02 05:04:28', '2023-07-02 05:04:28'),
(17, 7, 'Tags', 1, '2023-07-02 05:04:28', '2023-07-02 05:04:28'),
(18, 7, 'Exercise', 1, '2023-07-02 05:04:28', '2023-07-02 05:04:28');

-- --------------------------------------------------------

--
-- Table structure for table `users`
--

CREATE TABLE `users` (
  `id` bigint UNSIGNED NOT NULL,
  `name` varchar(255) CHARACTER SET utf8mb4 COLLATE utf8mb4_unicode_ci NOT NULL,
  `email` varchar(255) CHARACTER SET utf8mb4 COLLATE utf8mb4_unicode_ci NOT NULL,
  `phone` varchar(255) CHARACTER SET utf8mb4 COLLATE utf8mb4_unicode_ci DEFAULT NULL,
  `email_verified_at` timestamp NULL DEFAULT NULL,
  `password` varchar(255) CHARACTER SET utf8mb4 COLLATE utf8mb4_unicode_ci NOT NULL,
  `image` varchar(255) CHARACTER SET utf8mb4 COLLATE utf8mb4_unicode_ci DEFAULT NULL,
  `about` text COLLATE utf8mb4_unicode_ci,
  `remember_token` varchar(100) CHARACTER SET utf8mb4 COLLATE utf8mb4_unicode_ci DEFAULT NULL,
  `registration_id` varchar(255) CHARACTER SET utf8mb4 COLLATE utf8mb4_unicode_ci NOT NULL,
  `status` int NOT NULL DEFAULT '0',
  `created_at` timestamp NULL DEFAULT NULL,
  `updated_at` timestamp NULL DEFAULT NULL
) ENGINE=InnoDB DEFAULT CHARSET=utf8mb4 COLLATE=utf8mb4_unicode_ci;

--
-- Dumping data for table `users`
--

INSERT INTO `users` (`id`, `name`, `email`, `phone`, `email_verified_at`, `password`, `image`, `about`, `remember_token`, `registration_id`, `status`, `created_at`, `updated_at`) VALUES
(1, 'Md Hafiz Al Foisal', 'wiztec.foisal@gmail.com', '01478963256', NULL, '$2y$10$RzRKRmmmc4UYlC3LEWvJwOIBxHS9fzA.uV4S6cis/tSu8XpFjWVT2', NULL, NULL, NULL, '00000001', 1, '2023-07-17 05:31:37', '2023-07-17 05:31:37'),
(2, 'Mahin', 'mahin1899@gmail.com', '0111111111', NULL, '$2y$10$olK9Er1jxl6U8Ocav5el.OyaCO4Bw0sViz0oE1duq.L6IWbkBXKcu', NULL, NULL, NULL, '00000002', 0, '2023-07-30 08:01:23', '2023-07-30 10:46:48'),
(3, 'Mahin', 'mahin18@gmail.com', '01111111111', NULL, '$2y$10$dpleQuN8wbdVfJ1AXpcOoexsg2I0se8sV.B1zZWYT7zEA749JG7Pe', NULL, NULL, NULL, '00000003', 0, '2023-07-30 09:34:26', '2023-07-30 09:34:26'),
(4, 'Mahin', 'mahin1@gmail.com', '011111111', NULL, '$2y$10$ZIlfZDA5gCP1ecR8uhE1eOs6fX9gvY92q5tS3.XuyAxAQKqgWhmcO', NULL, NULL, NULL, '00000004', 0, '2023-07-30 09:48:23', '2023-07-30 09:48:23'),
(5, 'Mahin', 'mahin@gmail.com', '01111111', NULL, '$2y$10$Y4wld7S0Y74b8X9Lc2mjx.5h7stnZTGKN.6X0HGkNAjwyktAz1dzm', NULL, NULL, NULL, '00000005', 0, '2023-07-30 10:00:52', '2023-07-30 10:00:52'),
(6, 'Mahin', 'mahin12@gmail.com', '011111113', NULL, '$2y$10$BzcPaMD3reINPoDHz9qULeBt15KFeIbwIOaztXpNzjQiyabLMqfk6', NULL, NULL, NULL, '00000006', 0, '2023-07-30 10:03:55', '2023-07-30 10:03:55'),
(7, 'Mahin', 'mahin123@gmail.com', '0111111133', NULL, '$2y$10$Ifn3.2sDQd0ayis62dvcXuUbyJGBUjEmUIfc1V4yvY3b4moIRiED.', NULL, NULL, NULL, '00000007', 0, '2023-07-30 10:05:53', '2023-07-30 10:05:53'),
(8, 'Mahin', 'mahin1234@gmail.com', '01111111334', NULL, '$2y$10$u0WoqgwrRg85/ayxmgGoT.FKMDxr6mZO/YjPP3dQg.67bShqd6wUa', NULL, NULL, NULL, '00000008', 0, '2023-07-30 10:07:25', '2023-07-30 10:07:25'),
(9, 'Mahin', 'mahin5@gmail.com', '011111', '2023-07-30 10:15:27', '$2y$10$qWsTFKesZSWaTm0YGdY1P..H5Nfdpwy9c9Bvlc5Xq1tY9OitmtwdO', NULL, NULL, NULL, '00000009', 1, '2023-07-30 10:09:15', '2023-07-30 10:15:27'),
(10, 'Mahin', 'mahin15@gmail.com', '01111168', '2023-07-30 10:17:53', '$2y$10$35.x1dPR2Wp0lYrc0vcNBegSNJiAApS3zZ5ZGzFztFz1IwOHoGIGu', NULL, NULL, NULL, '00000010', 1, '2023-07-30 10:17:27', '2023-07-30 10:17:53'),
(11, 'Md Hafiz Al Foisal', 'wiztec.foisal1@gmail.com', '014789632561', NULL, '$2y$10$F1NqC3ECsci9zJzA1GO/muJtIyRjaMFcnlQ4MYjy0VsyNfAkxO.hy', NULL, NULL, NULL, '00000011', 0, '2023-08-06 12:30:04', '2023-08-06 12:30:04');

--
-- Indexes for dumped tables
--

--
-- Indexes for table `admins`
--
ALTER TABLE `admins`
  ADD PRIMARY KEY (`id`),
  ADD UNIQUE KEY `admins_email_unique` (`email`);

--
-- Indexes for table `company_infos`
--
ALTER TABLE `company_infos`
  ADD PRIMARY KEY (`id`);

--
-- Indexes for table `courses`
--
ALTER TABLE `courses`
  ADD PRIMARY KEY (`id`);

--
-- Indexes for table `course_registrations`
--
ALTER TABLE `course_registrations`
  ADD PRIMARY KEY (`id`);

--
-- Indexes for table `exams`
--
ALTER TABLE `exams`
  ADD PRIMARY KEY (`id`);

--
-- Indexes for table `exam_questions`
--
ALTER TABLE `exam_questions`
  ADD PRIMARY KEY (`id`);

--
-- Indexes for table `exam_question_options`
--
ALTER TABLE `exam_question_options`
  ADD PRIMARY KEY (`id`);

--
-- Indexes for table `exam_results`
--
ALTER TABLE `exam_results`
  ADD PRIMARY KEY (`id`);

--
-- Indexes for table `failed_jobs`
--
ALTER TABLE `failed_jobs`
  ADD PRIMARY KEY (`id`),
  ADD UNIQUE KEY `failed_jobs_uuid_unique` (`uuid`);

--
-- Indexes for table `forgot_password_otps`
--
ALTER TABLE `forgot_password_otps`
  ADD PRIMARY KEY (`id`);

--
-- Indexes for table `migrations`
--
ALTER TABLE `migrations`
  ADD PRIMARY KEY (`id`);

--
-- Indexes for table `notifications`
--
ALTER TABLE `notifications`
  ADD PRIMARY KEY (`id`);

--
-- Indexes for table `pages`
--
ALTER TABLE `pages`
  ADD PRIMARY KEY (`id`);

--
-- Indexes for table `password_reset_tokens`
--
ALTER TABLE `password_reset_tokens`
  ADD PRIMARY KEY (`id`);

--
-- Indexes for table `personal_access_tokens`
--
ALTER TABLE `personal_access_tokens`
  ADD PRIMARY KEY (`id`),
  ADD UNIQUE KEY `personal_access_tokens_token_unique` (`token`),
  ADD KEY `personal_access_tokens_tokenable_type_tokenable_id_index` (`tokenable_type`,`tokenable_id`);

--
-- Indexes for table `subjects`
--
ALTER TABLE `subjects`
  ADD PRIMARY KEY (`id`);

--
-- Indexes for table `subject_topics`
--
ALTER TABLE `subject_topics`
  ADD PRIMARY KEY (`id`);

--
-- Indexes for table `users`
--
ALTER TABLE `users`
  ADD PRIMARY KEY (`id`),
  ADD UNIQUE KEY `users_email_unique` (`email`);

--
-- AUTO_INCREMENT for dumped tables
--

--
-- AUTO_INCREMENT for table `admins`
--
ALTER TABLE `admins`
  MODIFY `id` bigint UNSIGNED NOT NULL AUTO_INCREMENT, AUTO_INCREMENT=3;

--
-- AUTO_INCREMENT for table `company_infos`
--
ALTER TABLE `company_infos`
  MODIFY `id` bigint UNSIGNED NOT NULL AUTO_INCREMENT, AUTO_INCREMENT=2;

--
-- AUTO_INCREMENT for table `courses`
--
ALTER TABLE `courses`
  MODIFY `id` bigint UNSIGNED NOT NULL AUTO_INCREMENT, AUTO_INCREMENT=5;

--
-- AUTO_INCREMENT for table `course_registrations`
--
ALTER TABLE `course_registrations`
  MODIFY `id` bigint UNSIGNED NOT NULL AUTO_INCREMENT, AUTO_INCREMENT=3;

--
-- AUTO_INCREMENT for table `exams`
--
ALTER TABLE `exams`
  MODIFY `id` bigint UNSIGNED NOT NULL AUTO_INCREMENT, AUTO_INCREMENT=9;

--
-- AUTO_INCREMENT for table `exam_questions`
--
ALTER TABLE `exam_questions`
  MODIFY `id` bigint UNSIGNED NOT NULL AUTO_INCREMENT, AUTO_INCREMENT=665;

--
-- AUTO_INCREMENT for table `exam_question_options`
--
ALTER TABLE `exam_question_options`
  MODIFY `id` bigint UNSIGNED NOT NULL AUTO_INCREMENT, AUTO_INCREMENT=25;

--
-- AUTO_INCREMENT for table `exam_results`
--
ALTER TABLE `exam_results`
  MODIFY `id` bigint UNSIGNED NOT NULL AUTO_INCREMENT;

--
-- AUTO_INCREMENT for table `failed_jobs`
--
ALTER TABLE `failed_jobs`
  MODIFY `id` bigint UNSIGNED NOT NULL AUTO_INCREMENT;

--
-- AUTO_INCREMENT for table `forgot_password_otps`
--
ALTER TABLE `forgot_password_otps`
  MODIFY `id` bigint UNSIGNED NOT NULL AUTO_INCREMENT, AUTO_INCREMENT=24;

--
-- AUTO_INCREMENT for table `migrations`
--
ALTER TABLE `migrations`
  MODIFY `id` int UNSIGNED NOT NULL AUTO_INCREMENT, AUTO_INCREMENT=19;

--
-- AUTO_INCREMENT for table `notifications`
--
ALTER TABLE `notifications`
  MODIFY `id` bigint UNSIGNED NOT NULL AUTO_INCREMENT, AUTO_INCREMENT=4;

--
-- AUTO_INCREMENT for table `pages`
--
ALTER TABLE `pages`
  MODIFY `id` bigint UNSIGNED NOT NULL AUTO_INCREMENT, AUTO_INCREMENT=2;

--
-- AUTO_INCREMENT for table `password_reset_tokens`
--
ALTER TABLE `password_reset_tokens`
  MODIFY `id` int NOT NULL AUTO_INCREMENT, AUTO_INCREMENT=10;

--
-- AUTO_INCREMENT for table `personal_access_tokens`
--
ALTER TABLE `personal_access_tokens`
  MODIFY `id` bigint UNSIGNED NOT NULL AUTO_INCREMENT, AUTO_INCREMENT=18;

--
-- AUTO_INCREMENT for table `subjects`
--
ALTER TABLE `subjects`
  MODIFY `id` bigint UNSIGNED NOT NULL AUTO_INCREMENT, AUTO_INCREMENT=12;

--
-- AUTO_INCREMENT for table `subject_topics`
--
ALTER TABLE `subject_topics`
  MODIFY `id` bigint UNSIGNED NOT NULL AUTO_INCREMENT, AUTO_INCREMENT=19;

--
-- AUTO_INCREMENT for table `users`
--
ALTER TABLE `users`
  MODIFY `id` bigint UNSIGNED NOT NULL AUTO_INCREMENT, AUTO_INCREMENT=12;
COMMIT;

/*!40101 SET CHARACTER_SET_CLIENT=@OLD_CHARACTER_SET_CLIENT */;
/*!40101 SET CHARACTER_SET_RESULTS=@OLD_CHARACTER_SET_RESULTS */;
/*!40101 SET COLLATION_CONNECTION=@OLD_COLLATION_CONNECTION */;
